{"cameraMode":{"drawMode":0,"name":"Shaded","section":"Shading Mode"},"sceneLighting":true,"audioPlay":false,"sceneViewState":{"m_AlwaysRefresh":false,"showFog":true,"showSkybox":true,"showFlares":true,"showImageEffects":true,"showParticleSystems":true,"showVisualEffectGraphs":true,"m_FxEnabled":true},"in2DMode":false,"pivot":{"x":2.473527193069458,"y":0.5385825037956238,"z":17.568422317504884},"rotation":{"x":0.0004579549713525921,"y":0.9994035363197327,"z":0.014682424254715443,"w":-0.031191274523735048},"size":1.1643130779266358,"orthographic":false}