{"cameraMode":{"drawMode":0,"name":"Shaded","section":"Shading Mode"},"sceneLighting":true,"audioPlay":false,"sceneViewState":{"m_AlwaysRefresh":false,"showFog":true,"showSkybox":true,"showFlares":true,"showImageEffects":true,"showParticleSystems":true,"showVisualEffectGraphs":true,"m_FxEnabled":true},"in2DMode":false,"pivot":{"x":6.050000190734863,"y":4.020162582397461,"z":19.479999542236329},"rotation":{"x":0.1640816628932953,"y":-0.04496672376990318,"z":0.007487510796636343,"w":0.9853931069374085},"size":20.77419662475586,"orthographic":true}