{"cameraMode":{"drawMode":0,"name":"Shaded","section":"Shading Mode"},"sceneLighting":true,"audioPlay":false,"sceneViewState":{"m_AlwaysRefresh":false,"showFog":true,"showSkybox":true,"showFlares":true,"showImageEffects":true,"showParticleSystems":true,"showVisualEffectGraphs":true,"m_FxEnabled":true},"in2DMode":false,"pivot":{"x":11.0596342086792,"y":6.307415962219238,"z":3.9931254386901857},"rotation":{"x":0.26382437348365786,"y":0.1010521650314331,"z":-0.02780398540198803,"w":0.9588605165481567},"size":0.16802461445331574,"orthographic":false}