{"cameraMode":{"drawMode":0,"name":"Shaded","section":"Shading Mode"},"sceneLighting":false,"audioPlay":false,"sceneViewState":{"m_AlwaysRefresh":false,"showFog":true,"showSkybox":false,"showFlares":true,"showImageEffects":true,"showParticleSystems":true,"showVisualEffectGraphs":true,"m_FxEnabled":true},"in2DMode":false,"pivot":{"x":2.759999990463257,"y":1.2599999904632569,"z":-2.635999917984009},"rotation":{"x":-0.0019868542440235616,"y":0.9979422688484192,"z":-0.05093925818800926,"w":-0.038940705358982089},"size":1.5503493547439576,"orthographic":false}