{"cameraMode":{"drawMode":0,"name":"Shaded","section":"Shading Mode"},"sceneLighting":false,"audioPlay":false,"sceneViewState":{"m_AlwaysRefresh":false,"showFog":true,"showSkybox":false,"showFlares":true,"showImageEffects":true,"showParticleSystems":true,"showVisualEffectGraphs":true,"m_FxEnabled":true},"in2DMode":false,"pivot":{"x":1.8163657188415528,"y":1.2667272090911866,"z":-1.3868560791015626},"rotation":{"x":-0.0019868542440235616,"y":0.9979422688484192,"z":-0.05093925818800926,"w":-0.038940705358982089},"size":1.267814040184021,"orthographic":false}