{"cameraMode":{"drawMode":0,"name":"Shaded","section":"Shading Mode"},"sceneLighting":false,"audioPlay":false,"sceneViewState":{"m_AlwaysRefresh":false,"showFog":true,"showSkybox":false,"showFlares":true,"showImageEffects":true,"showParticleSystems":true,"showVisualEffectGraphs":true,"m_FxEnabled":true},"in2DMode":false,"pivot":{"x":-0.009999990463256836,"y":1.2762491703033448,"z":-2.253999710083008},"rotation":{"x":0.021997129544615747,"y":-0.9098246097564697,"z":0.04862911254167557,"w":0.4115472733974457},"size":3.121393918991089,"orthographic":false}